{
    "now": "2025-04-09T23:39:37.725Z",
    "perfNow": 78167811.79999995,
    "diagnosticCorrelation": "770d222d-6999-4da5-9ea2-f3559a8e3206",
    "source": "DownloadSupportFiles",
    "environment": {
        "productName": "adf",
        "buildVersion": "1.0.040125.0",
        "environmentType": 3,
        "resourceName": "adfcarsdikki",
        "resourceRegion": "uksouth",
        "resourceGroup": "dikkiprojectcars",
        "subscriptionId": "662a5f09-8ae5-4ede-b6ac-a6b0aea582d3",
        "sessionId": "FjIC1pRcd5QbYqHXlatNpk",
        "operationId": "",
        "gitType": "live",
        "loggingKey": "856baa66-3ccb-4031-b0d8-409fde1365bc"
    },
    "additionalInfo": {
        "selectedResource": "incrementalpipeline",
        "selectedResourceType": "pipeline"
    }
}