{
    "name": "datasetgit",
    "properties": {
        "linkedServiceName": {
            "referenceName": "linkedgithub",
            "type": "LinkedServiceReference"
        },
        "parameters": {
            "Load_flag": {
                "type": "string"
            }
        },
        "annotations": [],
        "type": "DelimitedText",
        "typeProperties": {
            "location": {
                "type": "HttpServerLocation",
                "relativeUrl": {
                    "value": "anshlambagit/Azure-DE-Project-Resources/refs/heads/main/Raw%20Data/@{dataset().Load_flag}",
                    "type": "Expression"
                }
            },
            "columnDelimiter": ",",
            "escapeChar": "\\",
            "firstRowAsHeader": true,
            "quoteChar": "\""
        },
        "schema": []
    }
}