{
    "name": "incrementalpipeline",
    "properties": {
        "activities": [
            {
                "name": "Copy data1",
                "type": "Copy",
                "dependsOn": [
                    {
                        "activity": "lastload",
                        "dependencyConditions": [
                            "Succeeded"
                        ]
                    },
                    {
                        "activity": "currentload",
                        "dependencyConditions": [
                            "Succeeded"
                        ]
                    }
                ],
                "policy": {
                    "timeout": "0.12:00:00",
                    "retry": 0,
                    "retryIntervalInSeconds": 30,
                    "secureOutput": false,
                    "secureInput": false
                },
                "userProperties": [],
                "typeProperties": {
                    "source": {
                        "type": "AzureSqlSource",
                        "sqlReaderQuery": {
                            "value": "select * from sourcecars_data where Date_ID > '@{activity('lastload').output.value[0].last_load}' and Date_ID <= '@{activity('currentload').output.value[0].maxdata}'",
                            "type": "Expression"
                        },
                        "queryTimeout": "02:00:00",
                        "partitionOption": "None"
                    },
                    "sink": {
                        "type": "ParquetSink",
                        "storeSettings": {
                            "type": "AzureBlobFSWriteSettings"
                        },
                        "formatSettings": {
                            "type": "ParquetWriteSettings"
                        }
                    },
                    "enableStaging": false,
                    "translator": {
                        "type": "TabularTranslator",
                        "typeConversion": true,
                        "typeConversionSettings": {
                            "allowDataTruncation": true,
                            "treatBooleanAsNumber": false
                        }
                    }
                },
                "inputs": [
                    {
                        "referenceName": "sqldblinked",
                        "type": "DatasetReference",
                        "parameters": {
                            "tablename": "sourcecars_data"
                        }
                    }
                ],
                "outputs": [
                    {
                        "referenceName": "datasetbronze",
                        "type": "DatasetReference"
                    }
                ]
            },
            {
                "name": "lastload",
                "type": "Lookup",
                "dependsOn": [],
                "policy": {
                    "timeout": "0.12:00:00",
                    "retry": 0,
                    "retryIntervalInSeconds": 30,
                    "secureOutput": false,
                    "secureInput": false
                },
                "userProperties": [],
                "typeProperties": {
                    "source": {
                        "type": "AzureSqlSource",
                        "sqlReaderQuery": "select * from watermarktable",
                        "queryTimeout": "02:00:00",
                        "partitionOption": "None"
                    },
                    "dataset": {
                        "referenceName": "sqldblinked",
                        "type": "DatasetReference",
                        "parameters": {
                            "tablename": "watermarktable"
                        }
                    },
                    "firstRowOnly": false
                }
            },
            {
                "name": "currentload",
                "type": "Lookup",
                "dependsOn": [],
                "policy": {
                    "timeout": "0.12:00:00",
                    "retry": 0,
                    "retryIntervalInSeconds": 30,
                    "secureOutput": false,
                    "secureInput": false
                },
                "userProperties": [],
                "typeProperties": {
                    "source": {
                        "type": "AzureSqlSource",
                        "sqlReaderQuery": "select max(Date_ID) as maxdata from sourcecars_data\n",
                        "queryTimeout": "02:00:00",
                        "partitionOption": "None"
                    },
                    "dataset": {
                        "referenceName": "sqldblinked",
                        "type": "DatasetReference",
                        "parameters": {
                            "tablename": "sourcecars_data"
                        }
                    },
                    "firstRowOnly": false
                }
            },
            {
                "name": "watermarkupdate",
                "type": "SqlServerStoredProcedure",
                "dependsOn": [
                    {
                        "activity": "Copy data1",
                        "dependencyConditions": [
                            "Succeeded"
                        ]
                    }
                ],
                "policy": {
                    "timeout": "0.12:00:00",
                    "retry": 0,
                    "retryIntervalInSeconds": 30,
                    "secureOutput": false,
                    "secureInput": false
                },
                "userProperties": [],
                "typeProperties": {
                    "storedProcedureName": "[dbo].[updatewatermarktable]",
                    "storedProcedureParameters": {
                        "lastload": {
                            "value": {
                                "value": "@activity('currentload').output.value[0].maxdata",
                                "type": "Expression"
                            },
                            "type": "String"
                        }
                    }
                },
                "linkedServiceName": {
                    "referenceName": "linkedsqldbs",
                    "type": "LinkedServiceReference"
                }
            }
        ],
        "annotations": []
    }
}