{
    "now": "2025-04-09T23:47:09.623Z",
    "perfNow": 78619709.19999993,
    "diagnosticCorrelation": "3be88246-8593-45ec-bdf1-bbf61512471e",
    "source": "DownloadSupportFiles",
    "environment": {
        "productName": "adf",
        "buildVersion": "1.0.040125.0",
        "environmentType": 3,
        "resourceName": "adfcarsdikki",
        "resourceRegion": "uksouth",
        "resourceGroup": "dikkiprojectcars",
        "subscriptionId": "662a5f09-8ae5-4ede-b6ac-a6b0aea582d3",
        "sessionId": "FjIC1pRcd5QbYqHXlatNpk",
        "operationId": "",
        "gitType": "live",
        "loggingKey": "856baa66-3ccb-4031-b0d8-409fde1365bc"
    },
    "additionalInfo": {
        "selectedResource": "source_prep",
        "selectedResourceType": "pipeline"
    }
}