{
    "name": "datasetbronze",
    "properties": {
        "linkedServiceName": {
            "referenceName": "ls dataset",
            "type": "LinkedServiceReference"
        },
        "annotations": [],
        "type": "Parquet",
        "typeProperties": {
            "location": {
                "type": "AzureBlobFSLocation",
                "folderPath": "rawdata",
                "fileSystem": "bronze"
            },
            "compressionCodec": "snappy"
        },
        "schema": []
    }
}